﻿<error errorId="356193dc-017b-40dc-9a46-8100c548aacc" application="/LM/W3SVC/2/ROOT" host="ALB-DSK084" type="System.Web.HttpException" message="The controller for path '/IBS/Commision' was not found or does not implement IController." source="System.Web.Mvc" detail="System.Web.HttpException (0x80004005): The controller for path '/IBS/Commision' was not found or does not implement IController.&#xD;&#xA;   at System.Web.Mvc.DefaultControllerFactory.GetControllerInstance(RequestContext requestContext, Type controllerType)&#xD;&#xA;   at System.Web.Mvc.DefaultControllerFactory.CreateController(RequestContext requestContext, String controllerName)&#xD;&#xA;   at System.Web.Mvc.MvcHandler.ProcessRequestInit(HttpContextBase httpContext, IController&amp; controller, IControllerFactory&amp; factory)&#xD;&#xA;   at System.Web.Mvc.MvcHandler.BeginProcessRequest(HttpContextBase httpContext, AsyncCallback callback, Object state)&#xD;&#xA;   at System.Web.Mvc.MvcHandler.BeginProcessRequest(HttpContext httpContext, AsyncCallback callback, Object state)&#xD;&#xA;   at System.Web.Mvc.MvcHandler.System.Web.IHttpAsyncHandler.BeginProcessRequest(HttpContext context, AsyncCallback cb, Object extraData)&#xD;&#xA;   at System.Web.HttpApplication.CallHandlerExecutionStep.System.Web.HttpApplication.IExecutionStep.Execute()&#xD;&#xA;   at System.Web.HttpApplication.ExecuteStepImpl(IExecutionStep step)&#xD;&#xA;   at System.Web.HttpApplication.ExecuteStep(IExecutionStep step, Boolean&amp; completedSynchronously)" time="2019-10-09T15:50:32.3417376Z" statusCode="404">
  <serverVariables>
    <item name="ALL_HTTP">
      <value string="HTTP_CONNECTION:Keep-Alive&#xD;&#xA;HTTP_ACCEPT:text/html, application/xhtml+xml, image/jxr, */*&#xD;&#xA;HTTP_ACCEPT_ENCODING:gzip, deflate&#xD;&#xA;HTTP_ACCEPT_LANGUAGE:en-US&#xD;&#xA;HTTP_HOST:localhost:65177&#xD;&#xA;HTTP_REFERER:http://localhost:65177/Commision/EditCommissions?carrierId=32&amp;smd=09/29/2019&amp;pId=Wire%2010/3/19&#xD;&#xA;HTTP_USER_AGENT:Mozilla/5.0 (Windows NT 10.0; Win64; x64) AppleWebKit/537.36 (KHTML, like Gecko) Chrome/58.0.3029.110 Safari/537.36 Edge/16.16299&#xD;&#xA;" />
    </item>
    <item name="ALL_RAW">
      <value string="Connection: Keep-Alive&#xD;&#xA;Accept: text/html, application/xhtml+xml, image/jxr, */*&#xD;&#xA;Accept-Encoding: gzip, deflate&#xD;&#xA;Accept-Language: en-US&#xD;&#xA;Host: localhost:65177&#xD;&#xA;Referer: http://localhost:65177/Commision/EditCommissions?carrierId=32&amp;smd=09/29/2019&amp;pId=Wire%2010/3/19&#xD;&#xA;User-Agent: Mozilla/5.0 (Windows NT 10.0; Win64; x64) AppleWebKit/537.36 (KHTML, like Gecko) Chrome/58.0.3029.110 Safari/537.36 Edge/16.16299&#xD;&#xA;" />
    </item>
    <item name="APPL_MD_PATH">
      <value string="/LM/W3SVC/2/ROOT" />
    </item>
    <item name="APPL_PHYSICAL_PATH">
      <value string="C:\Users\kmanam\source\repos\IBS\IBS\" />
    </item>
    <item name="AUTH_TYPE">
      <value string="" />
    </item>
    <item name="AUTH_USER">
      <value string="" />
    </item>
    <item name="AUTH_PASSWORD">
      <value string="*****" />
    </item>
    <item name="LOGON_USER">
      <value string="" />
    </item>
    <item name="REMOTE_USER">
      <value string="" />
    </item>
    <item name="CERT_COOKIE">
      <value string="" />
    </item>
    <item name="CERT_FLAGS">
      <value string="" />
    </item>
    <item name="CERT_ISSUER">
      <value string="" />
    </item>
    <item name="CERT_KEYSIZE">
      <value string="" />
    </item>
    <item name="CERT_SECRETKEYSIZE">
      <value string="" />
    </item>
    <item name="CERT_SERIALNUMBER">
      <value string="" />
    </item>
    <item name="CERT_SERVER_ISSUER">
      <value string="" />
    </item>
    <item name="CERT_SERVER_SUBJECT">
      <value string="" />
    </item>
    <item name="CERT_SUBJECT">
      <value string="" />
    </item>
    <item name="CONTENT_LENGTH">
      <value string="0" />
    </item>
    <item name="CONTENT_TYPE">
      <value string="" />
    </item>
    <item name="GATEWAY_INTERFACE">
      <value string="CGI/1.1" />
    </item>
    <item name="HTTPS">
      <value string="off" />
    </item>
    <item name="HTTPS_KEYSIZE">
      <value string="" />
    </item>
    <item name="HTTPS_SECRETKEYSIZE">
      <value string="" />
    </item>
    <item name="HTTPS_SERVER_ISSUER">
      <value string="" />
    </item>
    <item name="HTTPS_SERVER_SUBJECT">
      <value string="" />
    </item>
    <item name="INSTANCE_ID">
      <value string="2" />
    </item>
    <item name="INSTANCE_META_PATH">
      <value string="/LM/W3SVC/2" />
    </item>
    <item name="LOCAL_ADDR">
      <value string="::1" />
    </item>
    <item name="PATH_INFO">
      <value string="/IBS/Commision" />
    </item>
    <item name="PATH_TRANSLATED">
      <value string="C:\Users\kmanam\source\repos\IBS\IBS\IBS\Commision" />
    </item>
    <item name="QUERY_STRING">
      <value string="carrierId=32&amp;smd=09/29/2019&amp;pId=Wire%2010/3/19&amp;isCancel=true" />
    </item>
    <item name="REMOTE_ADDR">
      <value string="::1" />
    </item>
    <item name="REMOTE_HOST">
      <value string="::1" />
    </item>
    <item name="REMOTE_PORT">
      <value string="55197" />
    </item>
    <item name="REQUEST_METHOD">
      <value string="GET" />
    </item>
    <item name="SCRIPT_NAME">
      <value string="/IBS/Commision" />
    </item>
    <item name="SERVER_NAME">
      <value string="localhost" />
    </item>
    <item name="SERVER_PORT">
      <value string="65177" />
    </item>
    <item name="SERVER_PORT_SECURE">
      <value string="0" />
    </item>
    <item name="SERVER_PROTOCOL">
      <value string="HTTP/1.1" />
    </item>
    <item name="SERVER_SOFTWARE">
      <value string="Microsoft-IIS/10.0" />
    </item>
    <item name="URL">
      <value string="/IBS/Commision" />
    </item>
    <item name="HTTP_CONNECTION">
      <value string="Keep-Alive" />
    </item>
    <item name="HTTP_ACCEPT">
      <value string="text/html, application/xhtml+xml, image/jxr, */*" />
    </item>
    <item name="HTTP_ACCEPT_ENCODING">
      <value string="gzip, deflate" />
    </item>
    <item name="HTTP_ACCEPT_LANGUAGE">
      <value string="en-US" />
    </item>
    <item name="HTTP_HOST">
      <value string="localhost:65177" />
    </item>
    <item name="HTTP_REFERER">
      <value string="http://localhost:65177/Commision/EditCommissions?carrierId=32&amp;smd=09/29/2019&amp;pId=Wire%2010/3/19" />
    </item>
    <item name="HTTP_USER_AGENT">
      <value string="Mozilla/5.0 (Windows NT 10.0; Win64; x64) AppleWebKit/537.36 (KHTML, like Gecko) Chrome/58.0.3029.110 Safari/537.36 Edge/16.16299" />
    </item>
  </serverVariables>
  <queryString>
    <item name="carrierId">
      <value string="32" />
    </item>
    <item name="smd">
      <value string="09/29/2019" />
    </item>
    <item name="pId">
      <value string="Wire 10/3/19" />
    </item>
    <item name="isCancel">
      <value string="true" />
    </item>
  </queryString>
</error>