﻿<error errorId="9d001dea-33f5-43a5-abc1-e0cc8198cf12" application="/LM/W3SVC/2/ROOT" host="ALB-DSK084" type="System.Web.HttpException" message="The controller for path '/IBS/Policy/GetCFProducts' was not found or does not implement IController." source="System.Web.Mvc" detail="System.Web.HttpException (0x80004005): The controller for path '/IBS/Policy/GetCFProducts' was not found or does not implement IController.&#xD;&#xA;   at System.Web.Mvc.DefaultControllerFactory.GetControllerInstance(RequestContext requestContext, Type controllerType)&#xD;&#xA;   at System.Web.Mvc.DefaultControllerFactory.CreateController(RequestContext requestContext, String controllerName)&#xD;&#xA;   at System.Web.Mvc.MvcHandler.ProcessRequestInit(HttpContextBase httpContext, IController&amp; controller, IControllerFactory&amp; factory)&#xD;&#xA;   at System.Web.Mvc.MvcHandler.BeginProcessRequest(HttpContextBase httpContext, AsyncCallback callback, Object state)&#xD;&#xA;   at System.Web.Mvc.MvcHandler.BeginProcessRequest(HttpContext httpContext, AsyncCallback callback, Object state)&#xD;&#xA;   at System.Web.Mvc.MvcHandler.System.Web.IHttpAsyncHandler.BeginProcessRequest(HttpContext context, AsyncCallback cb, Object extraData)&#xD;&#xA;   at System.Web.HttpApplication.CallHandlerExecutionStep.System.Web.HttpApplication.IExecutionStep.Execute()&#xD;&#xA;   at System.Web.HttpApplication.ExecuteStepImpl(IExecutionStep step)&#xD;&#xA;   at System.Web.HttpApplication.ExecuteStep(IExecutionStep step, Boolean&amp; completedSynchronously)" time="2019-10-28T17:42:48.2071189Z" statusCode="404">
  <serverVariables>
    <item name="ALL_HTTP">
      <value string="HTTP_CONNECTION:keep-alive&#xD;&#xA;HTTP_CONTENT_LENGTH:0&#xD;&#xA;HTTP_CONTENT_TYPE:application/json; charset=utf-8&#xD;&#xA;HTTP_ACCEPT:application/json, text/javascript, */*; q=0.01&#xD;&#xA;HTTP_ACCEPT_ENCODING:gzip, deflate, br&#xD;&#xA;HTTP_ACCEPT_LANGUAGE:en-US,en;q=0.9&#xD;&#xA;HTTP_COOKIE:__RequestVerificationToken=VAHm4X_ronPBenlDALf14YELHAuNGUrjgu97JxJoj-4OmX4OadGwe9Omc7Y8k2-LdnhY08tf1AZReFeT_PkTRPJzU8FNCihUWXUcrVrbW7o1&#xD;&#xA;HTTP_HOST:localhost:65177&#xD;&#xA;HTTP_REFERER:http://localhost:65177/Policy/PolicyBudgets?year=2020&amp;policyId=0&amp;clientId=0&amp;covId=null&amp;divId=null&#xD;&#xA;HTTP_USER_AGENT:Mozilla/5.0 (Windows NT 10.0; Win64; x64) AppleWebKit/537.36 (KHTML, like Gecko) Chrome/77.0.3865.120 Safari/537.36&#xD;&#xA;HTTP_ORIGIN:http://localhost:65177&#xD;&#xA;HTTP_X_REQUESTED_WITH:XMLHttpRequest&#xD;&#xA;HTTP_SEC_FETCH_MODE:cors&#xD;&#xA;HTTP_SEC_FETCH_SITE:same-origin&#xD;&#xA;" />
    </item>
    <item name="ALL_RAW">
      <value string="Connection: keep-alive&#xD;&#xA;Content-Length: 0&#xD;&#xA;Content-Type: application/json; charset=utf-8&#xD;&#xA;Accept: application/json, text/javascript, */*; q=0.01&#xD;&#xA;Accept-Encoding: gzip, deflate, br&#xD;&#xA;Accept-Language: en-US,en;q=0.9&#xD;&#xA;Cookie: __RequestVerificationToken=VAHm4X_ronPBenlDALf14YELHAuNGUrjgu97JxJoj-4OmX4OadGwe9Omc7Y8k2-LdnhY08tf1AZReFeT_PkTRPJzU8FNCihUWXUcrVrbW7o1&#xD;&#xA;Host: localhost:65177&#xD;&#xA;Referer: http://localhost:65177/Policy/PolicyBudgets?year=2020&amp;policyId=0&amp;clientId=0&amp;covId=null&amp;divId=null&#xD;&#xA;User-Agent: Mozilla/5.0 (Windows NT 10.0; Win64; x64) AppleWebKit/537.36 (KHTML, like Gecko) Chrome/77.0.3865.120 Safari/537.36&#xD;&#xA;Origin: http://localhost:65177&#xD;&#xA;X-Requested-With: XMLHttpRequest&#xD;&#xA;Sec-Fetch-Mode: cors&#xD;&#xA;Sec-Fetch-Site: same-origin&#xD;&#xA;" />
    </item>
    <item name="APPL_MD_PATH">
      <value string="/LM/W3SVC/2/ROOT" />
    </item>
    <item name="APPL_PHYSICAL_PATH">
      <value string="C:\Users\kmanam\source\repos\IBS\IBS\" />
    </item>
    <item name="AUTH_TYPE">
      <value string="" />
    </item>
    <item name="AUTH_USER">
      <value string="" />
    </item>
    <item name="AUTH_PASSWORD">
      <value string="*****" />
    </item>
    <item name="LOGON_USER">
      <value string="" />
    </item>
    <item name="REMOTE_USER">
      <value string="" />
    </item>
    <item name="CERT_COOKIE">
      <value string="" />
    </item>
    <item name="CERT_FLAGS">
      <value string="" />
    </item>
    <item name="CERT_ISSUER">
      <value string="" />
    </item>
    <item name="CERT_KEYSIZE">
      <value string="" />
    </item>
    <item name="CERT_SECRETKEYSIZE">
      <value string="" />
    </item>
    <item name="CERT_SERIALNUMBER">
      <value string="" />
    </item>
    <item name="CERT_SERVER_ISSUER">
      <value string="" />
    </item>
    <item name="CERT_SERVER_SUBJECT">
      <value string="" />
    </item>
    <item name="CERT_SUBJECT">
      <value string="" />
    </item>
    <item name="CONTENT_LENGTH">
      <value string="0" />
    </item>
    <item name="CONTENT_TYPE">
      <value string="application/json; charset=utf-8" />
    </item>
    <item name="GATEWAY_INTERFACE">
      <value string="CGI/1.1" />
    </item>
    <item name="HTTPS">
      <value string="off" />
    </item>
    <item name="HTTPS_KEYSIZE">
      <value string="" />
    </item>
    <item name="HTTPS_SECRETKEYSIZE">
      <value string="" />
    </item>
    <item name="HTTPS_SERVER_ISSUER">
      <value string="" />
    </item>
    <item name="HTTPS_SERVER_SUBJECT">
      <value string="" />
    </item>
    <item name="INSTANCE_ID">
      <value string="2" />
    </item>
    <item name="INSTANCE_META_PATH">
      <value string="/LM/W3SVC/2" />
    </item>
    <item name="LOCAL_ADDR">
      <value string="::1" />
    </item>
    <item name="PATH_INFO">
      <value string="/IBS/Policy/GetCFProducts" />
    </item>
    <item name="PATH_TRANSLATED">
      <value string="C:\Users\kmanam\source\repos\IBS\IBS\IBS\Policy\GetCFProducts" />
    </item>
    <item name="QUERY_STRING">
      <value string="" />
    </item>
    <item name="REMOTE_ADDR">
      <value string="::1" />
    </item>
    <item name="REMOTE_HOST">
      <value string="::1" />
    </item>
    <item name="REMOTE_PORT">
      <value string="63477" />
    </item>
    <item name="REQUEST_METHOD">
      <value string="POST" />
    </item>
    <item name="SCRIPT_NAME">
      <value string="/IBS/Policy/GetCFProducts" />
    </item>
    <item name="SERVER_NAME">
      <value string="localhost" />
    </item>
    <item name="SERVER_PORT">
      <value string="65177" />
    </item>
    <item name="SERVER_PORT_SECURE">
      <value string="0" />
    </item>
    <item name="SERVER_PROTOCOL">
      <value string="HTTP/1.1" />
    </item>
    <item name="SERVER_SOFTWARE">
      <value string="Microsoft-IIS/10.0" />
    </item>
    <item name="URL">
      <value string="/IBS/Policy/GetCFProducts" />
    </item>
    <item name="HTTP_CONNECTION">
      <value string="keep-alive" />
    </item>
    <item name="HTTP_CONTENT_LENGTH">
      <value string="0" />
    </item>
    <item name="HTTP_CONTENT_TYPE">
      <value string="application/json; charset=utf-8" />
    </item>
    <item name="HTTP_ACCEPT">
      <value string="application/json, text/javascript, */*; q=0.01" />
    </item>
    <item name="HTTP_ACCEPT_ENCODING">
      <value string="gzip, deflate, br" />
    </item>
    <item name="HTTP_ACCEPT_LANGUAGE">
      <value string="en-US,en;q=0.9" />
    </item>
    <item name="HTTP_COOKIE">
      <value string="__RequestVerificationToken=VAHm4X_ronPBenlDALf14YELHAuNGUrjgu97JxJoj-4OmX4OadGwe9Omc7Y8k2-LdnhY08tf1AZReFeT_PkTRPJzU8FNCihUWXUcrVrbW7o1" />
    </item>
    <item name="HTTP_HOST">
      <value string="localhost:65177" />
    </item>
    <item name="HTTP_REFERER">
      <value string="http://localhost:65177/Policy/PolicyBudgets?year=2020&amp;policyId=0&amp;clientId=0&amp;covId=null&amp;divId=null" />
    </item>
    <item name="HTTP_USER_AGENT">
      <value string="Mozilla/5.0 (Windows NT 10.0; Win64; x64) AppleWebKit/537.36 (KHTML, like Gecko) Chrome/77.0.3865.120 Safari/537.36" />
    </item>
    <item name="HTTP_ORIGIN">
      <value string="http://localhost:65177" />
    </item>
    <item name="HTTP_X_REQUESTED_WITH">
      <value string="XMLHttpRequest" />
    </item>
    <item name="HTTP_SEC_FETCH_MODE">
      <value string="cors" />
    </item>
    <item name="HTTP_SEC_FETCH_SITE">
      <value string="same-origin" />
    </item>
  </serverVariables>
  <cookies>
    <item name="__RequestVerificationToken">
      <value string="VAHm4X_ronPBenlDALf14YELHAuNGUrjgu97JxJoj-4OmX4OadGwe9Omc7Y8k2-LdnhY08tf1AZReFeT_PkTRPJzU8FNCihUWXUcrVrbW7o1" />
    </item>
  </cookies>
</error>