﻿<error errorId="7373d15e-09f0-4d65-8cf4-1bbaf84ae963" application="/LM/W3SVC/2/ROOT" host="ALB-DSK084" type="System.ArgumentNullException" message="Value cannot be null.&#xD;&#xA;Parameter name: items" source="System.Web.Mvc" detail="System.ArgumentNullException: Value cannot be null.&#xD;&#xA;Parameter name: items&#xD;&#xA;   at System.Web.Mvc.MultiSelectList..ctor(IEnumerable items, String dataValueField, String dataTextField, String dataGroupField, IEnumerable selectedValues, IEnumerable disabledValues, IEnumerable disabledGroups)&#xD;&#xA;   at CallSite.Target(Closure , CallSite , Type , Object , String , String )&#xD;&#xA;   at System.Dynamic.UpdateDelegates.UpdateAndExecute4[T0,T1,T2,T3,TRet](CallSite site, T0 arg0, T1 arg1, T2 arg2, T3 arg3)&#xD;&#xA;   at ASP._Page_Views_Policy_PolicyBudgets_cshtml.Execute() in C:\Users\kmanam\source\repos\IBS\IBS\Views\Policy\PolicyBudgets.cshtml:line 44&#xD;&#xA;   at System.Web.WebPages.WebPageBase.ExecutePageHierarchy()&#xD;&#xA;   at System.Web.Mvc.WebViewPage.ExecutePageHierarchy()&#xD;&#xA;   at System.Web.WebPages.StartPage.RunPage()&#xD;&#xA;   at System.Web.WebPages.StartPage.ExecutePageHierarchy()&#xD;&#xA;   at System.Web.WebPages.WebPageBase.ExecutePageHierarchy(WebPageContext pageContext, TextWriter writer, WebPageRenderingBase startPage)&#xD;&#xA;   at System.Web.Mvc.RazorView.RenderView(ViewContext viewContext, TextWriter writer, Object instance)&#xD;&#xA;   at System.Web.Mvc.BuildManagerCompiledView.Render(ViewContext viewContext, TextWriter writer)&#xD;&#xA;   at System.Web.Mvc.ViewResultBase.ExecuteResult(ControllerContext context)&#xD;&#xA;   at System.Web.Mvc.ControllerActionInvoker.InvokeActionResult(ControllerContext controllerContext, ActionResult actionResult)&#xD;&#xA;   at System.Web.Mvc.ControllerActionInvoker.InvokeActionResultFilterRecursive(IList`1 filters, Int32 filterIndex, ResultExecutingContext preContext, ControllerContext controllerContext, ActionResult actionResult)&#xD;&#xA;   at System.Web.Mvc.ControllerActionInvoker.InvokeActionResultFilterRecursive(IList`1 filters, Int32 filterIndex, ResultExecutingContext preContext, ControllerContext controllerContext, ActionResult actionResult)&#xD;&#xA;   at System.Web.Mvc.ControllerActionInvoker.InvokeActionResultWithFilters(ControllerContext controllerContext, IList`1 filters, ActionResult actionResult)&#xD;&#xA;   at System.Web.Mvc.Async.AsyncControllerActionInvoker.&lt;&gt;c__DisplayClass3_6.&lt;BeginInvokeAction&gt;b__3()&#xD;&#xA;   at System.Web.Mvc.Async.AsyncControllerActionInvoker.&lt;&gt;c__DisplayClass3_1.&lt;BeginInvokeAction&gt;b__5(IAsyncResult asyncResult)&#xD;&#xA;   at System.Web.Mvc.Async.AsyncResultWrapper.WrappedAsyncResult`1.CallEndDelegate(IAsyncResult asyncResult)&#xD;&#xA;   at System.Web.Mvc.Async.AsyncResultWrapper.WrappedAsyncResultBase`1.End()&#xD;&#xA;   at System.Web.Mvc.Async.AsyncControllerActionInvoker.EndInvokeAction(IAsyncResult asyncResult)&#xD;&#xA;   at System.Web.Mvc.Controller.&lt;&gt;c.&lt;BeginExecuteCore&gt;b__152_1(IAsyncResult asyncResult, ExecuteCoreState innerState)&#xD;&#xA;   at System.Web.Mvc.Async.AsyncResultWrapper.WrappedAsyncVoid`1.CallEndDelegate(IAsyncResult asyncResult)&#xD;&#xA;   at System.Web.Mvc.Async.AsyncResultWrapper.WrappedAsyncResultBase`1.End()&#xD;&#xA;   at System.Web.Mvc.Controller.EndExecuteCore(IAsyncResult asyncResult)&#xD;&#xA;   at System.Web.Mvc.Controller.&lt;&gt;c.&lt;BeginExecute&gt;b__151_2(IAsyncResult asyncResult, Controller controller)&#xD;&#xA;   at System.Web.Mvc.Async.AsyncResultWrapper.WrappedAsyncVoid`1.CallEndDelegate(IAsyncResult asyncResult)&#xD;&#xA;   at System.Web.Mvc.Async.AsyncResultWrapper.WrappedAsyncResultBase`1.End()&#xD;&#xA;   at System.Web.Mvc.Controller.EndExecute(IAsyncResult asyncResult)&#xD;&#xA;   at System.Web.Mvc.Controller.System.Web.Mvc.Async.IAsyncController.EndExecute(IAsyncResult asyncResult)&#xD;&#xA;   at System.Web.Mvc.MvcHandler.&lt;&gt;c.&lt;BeginProcessRequest&gt;b__20_1(IAsyncResult asyncResult, ProcessRequestState innerState)&#xD;&#xA;   at System.Web.Mvc.Async.AsyncResultWrapper.WrappedAsyncVoid`1.CallEndDelegate(IAsyncResult asyncResult)&#xD;&#xA;   at System.Web.Mvc.Async.AsyncResultWrapper.WrappedAsyncResultBase`1.End()&#xD;&#xA;   at System.Web.Mvc.MvcHandler.EndProcessRequest(IAsyncResult asyncResult)&#xD;&#xA;   at System.Web.Mvc.MvcHandler.System.Web.IHttpAsyncHandler.EndProcessRequest(IAsyncResult result)&#xD;&#xA;   at System.Web.HttpApplication.CallHandlerExecutionStep.System.Web.HttpApplication.IExecutionStep.Execute()&#xD;&#xA;   at System.Web.HttpApplication.ExecuteStepImpl(IExecutionStep step)&#xD;&#xA;   at System.Web.HttpApplication.ExecuteStep(IExecutionStep step, Boolean&amp; completedSynchronously)" time="2019-09-23T18:48:12.7178590Z">
  <serverVariables>
    <item name="ALL_HTTP">
      <value string="HTTP_CONNECTION:Keep-Alive&#xD;&#xA;HTTP_ACCEPT:text/html, application/xhtml+xml, image/jxr, */*&#xD;&#xA;HTTP_ACCEPT_ENCODING:gzip, deflate&#xD;&#xA;HTTP_ACCEPT_LANGUAGE:en-US&#xD;&#xA;HTTP_HOST:localhost:65177&#xD;&#xA;HTTP_REFERER:http://localhost:65177/&#xD;&#xA;HTTP_USER_AGENT:Mozilla/5.0 (Windows NT 10.0; Win64; x64) AppleWebKit/537.36 (KHTML, like Gecko) Chrome/58.0.3029.110 Safari/537.36 Edge/16.16299&#xD;&#xA;" />
    </item>
    <item name="ALL_RAW">
      <value string="Connection: Keep-Alive&#xD;&#xA;Accept: text/html, application/xhtml+xml, image/jxr, */*&#xD;&#xA;Accept-Encoding: gzip, deflate&#xD;&#xA;Accept-Language: en-US&#xD;&#xA;Host: localhost:65177&#xD;&#xA;Referer: http://localhost:65177/&#xD;&#xA;User-Agent: Mozilla/5.0 (Windows NT 10.0; Win64; x64) AppleWebKit/537.36 (KHTML, like Gecko) Chrome/58.0.3029.110 Safari/537.36 Edge/16.16299&#xD;&#xA;" />
    </item>
    <item name="APPL_MD_PATH">
      <value string="/LM/W3SVC/2/ROOT" />
    </item>
    <item name="APPL_PHYSICAL_PATH">
      <value string="C:\Users\kmanam\source\repos\IBS\IBS\" />
    </item>
    <item name="AUTH_TYPE">
      <value string="" />
    </item>
    <item name="AUTH_USER">
      <value string="" />
    </item>
    <item name="AUTH_PASSWORD">
      <value string="*****" />
    </item>
    <item name="LOGON_USER">
      <value string="" />
    </item>
    <item name="REMOTE_USER">
      <value string="" />
    </item>
    <item name="CERT_COOKIE">
      <value string="" />
    </item>
    <item name="CERT_FLAGS">
      <value string="" />
    </item>
    <item name="CERT_ISSUER">
      <value string="" />
    </item>
    <item name="CERT_KEYSIZE">
      <value string="" />
    </item>
    <item name="CERT_SECRETKEYSIZE">
      <value string="" />
    </item>
    <item name="CERT_SERIALNUMBER">
      <value string="" />
    </item>
    <item name="CERT_SERVER_ISSUER">
      <value string="" />
    </item>
    <item name="CERT_SERVER_SUBJECT">
      <value string="" />
    </item>
    <item name="CERT_SUBJECT">
      <value string="" />
    </item>
    <item name="CONTENT_LENGTH">
      <value string="0" />
    </item>
    <item name="CONTENT_TYPE">
      <value string="" />
    </item>
    <item name="GATEWAY_INTERFACE">
      <value string="CGI/1.1" />
    </item>
    <item name="HTTPS">
      <value string="off" />
    </item>
    <item name="HTTPS_KEYSIZE">
      <value string="" />
    </item>
    <item name="HTTPS_SECRETKEYSIZE">
      <value string="" />
    </item>
    <item name="HTTPS_SERVER_ISSUER">
      <value string="" />
    </item>
    <item name="HTTPS_SERVER_SUBJECT">
      <value string="" />
    </item>
    <item name="INSTANCE_ID">
      <value string="2" />
    </item>
    <item name="INSTANCE_META_PATH">
      <value string="/LM/W3SVC/2" />
    </item>
    <item name="LOCAL_ADDR">
      <value string="::1" />
    </item>
    <item name="PATH_INFO">
      <value string="/Policy/PolicyBudgets" />
    </item>
    <item name="PATH_TRANSLATED">
      <value string="C:\Users\kmanam\source\repos\IBS\IBS\Policy\PolicyBudgets" />
    </item>
    <item name="QUERY_STRING">
      <value string="policyId=0&amp;clientId=0&amp;year=0" />
    </item>
    <item name="REMOTE_ADDR">
      <value string="::1" />
    </item>
    <item name="REMOTE_HOST">
      <value string="::1" />
    </item>
    <item name="REMOTE_PORT">
      <value string="65141" />
    </item>
    <item name="REQUEST_METHOD">
      <value string="GET" />
    </item>
    <item name="SCRIPT_NAME">
      <value string="/Policy/PolicyBudgets" />
    </item>
    <item name="SERVER_NAME">
      <value string="localhost" />
    </item>
    <item name="SERVER_PORT">
      <value string="65177" />
    </item>
    <item name="SERVER_PORT_SECURE">
      <value string="0" />
    </item>
    <item name="SERVER_PROTOCOL">
      <value string="HTTP/1.1" />
    </item>
    <item name="SERVER_SOFTWARE">
      <value string="Microsoft-IIS/10.0" />
    </item>
    <item name="URL">
      <value string="/Policy/PolicyBudgets" />
    </item>
    <item name="HTTP_CONNECTION">
      <value string="Keep-Alive" />
    </item>
    <item name="HTTP_ACCEPT">
      <value string="text/html, application/xhtml+xml, image/jxr, */*" />
    </item>
    <item name="HTTP_ACCEPT_ENCODING">
      <value string="gzip, deflate" />
    </item>
    <item name="HTTP_ACCEPT_LANGUAGE">
      <value string="en-US" />
    </item>
    <item name="HTTP_HOST">
      <value string="localhost:65177" />
    </item>
    <item name="HTTP_REFERER">
      <value string="http://localhost:65177/" />
    </item>
    <item name="HTTP_USER_AGENT">
      <value string="Mozilla/5.0 (Windows NT 10.0; Win64; x64) AppleWebKit/537.36 (KHTML, like Gecko) Chrome/58.0.3029.110 Safari/537.36 Edge/16.16299" />
    </item>
  </serverVariables>
  <queryString>
    <item name="policyId">
      <value string="0" />
    </item>
    <item name="clientId">
      <value string="0" />
    </item>
    <item name="year">
      <value string="0" />
    </item>
  </queryString>
</error>